prioridad,archivo_a_subir,referencia,producto,marca,modelo,capacidad,color,categoria,motivo
2,A298.jpg,A298,Motorola Moto Edge 60 512 GB,Motorola,Motorola Moto Edge 60,512 GB,,Android,La lámina no incluye este modelo exacto
2,A299.jpg,A299,Motorola Moto Edge 60 Fusion 256 GB,Motorola,Motorola Moto Edge 60 Fusion,256 GB,,Android,La lámina no incluye este modelo exacto
2,A300.jpg,A300,Motorola Moto Edge 70 Fusion 256 GB,Motorola,Motorola Moto Edge 70 Fusion,256 GB,,Android,La lámina no incluye este modelo exacto
2,A297.jpg,A297,Motorola Moto Edge Pro 512 GB,Motorola,Motorola Moto Edge Pro,512 GB,,Android,La lámina no incluye este modelo exacto
2,A313.jpg,A313,Motorola Moto G06 128 GB,Motorola,Motorola Moto G06,128 GB,,Android,La lámina no incluye este modelo exacto
2,A312.jpg,A312,Motorola Moto G06 256 GB,Motorola,Motorola Moto G06,256 GB,,Android,La lámina no incluye este modelo exacto
2,A311.jpg,A311,Motorola Moto G15 128 GB,Motorola,Motorola Moto G15,128 GB,,Android,La lámina no incluye este modelo exacto
2,A310.jpg,A310,Motorola Moto G15 256 GB,Motorola,Motorola Moto G15,256 GB,,Android,La lámina no incluye este modelo exacto
2,A309.jpg,A309,Motorola Moto G15 512 GB,Motorola,Motorola Moto G15,512 GB,,Android,La lámina no incluye este modelo exacto
2,A308.jpg,A308,Motorola Moto G17 256 GB,Motorola,Motorola Moto G17,256 GB,,Android,La lámina no incluye este modelo exacto
2,A307.jpg,A307,Motorola Moto G35 256 GB,Motorola,Motorola Moto G35,256 GB,,Android,La lámina no incluye este modelo exacto
2,A306.jpg,A306,Motorola Moto G56 256 GB,Motorola,Motorola Moto G56,256 GB,,Android,La lámina no incluye este modelo exacto
2,A304.jpg,A304,Motorola Moto G57 Power 256 GB,Motorola,Motorola Moto G57 Power,256 GB,,Android,La lámina no incluye este modelo exacto
2,A305.jpg,A305,Motorola Moto G67 256 GB,Motorola,Motorola Moto G67,256 GB,,Android,La lámina no incluye este modelo exacto
2,A303.jpg,A303,Motorola Moto G77 256 GB,Motorola,Motorola Moto G77,256 GB,,Android,La lámina no incluye este modelo exacto
2,A302.jpg,A302,Motorola Moto G86 512 GB,Motorola,Motorola Moto G86,512 GB,,Android,La lámina no incluye este modelo exacto
2,A301.jpg,A301,Motorola Moto G86 Power 256 GB,Motorola,Motorola Moto G86 Power,256 GB,,Android,La lámina no incluye este modelo exacto
2,A274.jpg,A274,Poco F8 Pro 512 GB,POCO,Poco F8 Pro,512 GB,,Android,La lámina no incluye este modelo exacto
2,A273.jpg,A273,Poco F8 Ultra 512 GB,POCO,Poco F8 Ultra,512 GB,,Android,La lámina no incluye este modelo exacto
2,A281.jpg,A281,Poco M8 512 GB,POCO,Poco M8,512 GB,,Android,La lámina no incluye este modelo exacto
2,A280.jpg,A280,Poco M8 Pro 256 GB,POCO,Poco M8 Pro,256 GB,,Android,La lámina no incluye este modelo exacto
2,A279.jpg,A279,Poco M8 Pro 512 GB,POCO,Poco M8 Pro,512 GB,,Android,La lámina no incluye este modelo exacto
2,A276.jpg,A276,Poco X8 Pro 512 GB,POCO,Poco X8 Pro,512 GB,,Android,La lámina no incluye este modelo exacto
2,A275.jpg,A275,Poco X8 Pro 8 GB RAM 256 GB,POCO,Poco X8 Pro 8 GB RAM,256 GB,,Android,La lámina no incluye este modelo exacto
2,A277.jpg,A277,Poco X8 Pro Max 256 GB,POCO,Poco X8 Pro Max,256 GB,,Android,La lámina no incluye este modelo exacto
2,A278.jpg,A278,Poco X8 Pro Max 512 GB,POCO,Poco X8 Pro Max,512 GB,,Android,La lámina no incluye este modelo exacto
2,A270.jpg,A270,Samsung Galaxy A07 128 GB,Samsung,Samsung Galaxy A07,128 GB,,Android,La lámina no incluye este modelo exacto
2,A271.jpg,A271,Samsung Galaxy A07 64 GB,Samsung,Samsung Galaxy A07,64 GB,,Android,La lámina no incluye este modelo exacto
2,A268.jpg,A268,Samsung Galaxy A17 128 GB,Samsung,Samsung Galaxy A17,128 GB,,Android,La lámina no incluye este modelo exacto
2,A267.jpg,A267,Samsung Galaxy A17 256 GB,Samsung,Samsung Galaxy A17,256 GB,,Android,La lámina no incluye este modelo exacto
2,A264.jpg,A264,Samsung Galaxy A27 128 GB,Samsung,Samsung Galaxy A27,128 GB,,Android,La lámina no incluye este modelo exacto
2,A263.jpg,A263,Samsung Galaxy A37 128 GB,Samsung,Samsung Galaxy A37,128 GB,,Android,La lámina no incluye este modelo exacto
2,A262.jpg,A262,Samsung Galaxy A37 256 GB,Samsung,Samsung Galaxy A37,256 GB,,Android,La lámina no incluye este modelo exacto
2,A261.jpg,A261,Samsung Galaxy A57 128 GB,Samsung,Samsung Galaxy A57,128 GB,,Android,La lámina no incluye este modelo exacto
2,A260.jpg,A260,Samsung Galaxy S25FE 256 GB,Samsung,Samsung Galaxy S25FE,256 GB,,Android,La lámina no incluye este modelo exacto
2,A259.jpg,A259,Samsung Galaxy S25FE 512 GB,Samsung,Samsung Galaxy S25FE,512 GB,,Android,La lámina no incluye este modelo exacto
2,A282.jpg,A282,Xiaomi 17 Ultra 512 GB,Xiaomi,Xiaomi 17 Ultra,512 GB,,Android,La lámina no incluye este modelo exacto
2,A283.jpg,A283,Xiaomi 17T 512 GB,Xiaomi,Xiaomi 17T,512 GB,,Android,La lámina no incluye este modelo exacto
2,A293.jpg,A293,Xiaomi Redmi 15 128 GB,Xiaomi,Xiaomi Redmi 15,128 GB,,Android,La lámina no incluye este modelo exacto
2,A296.jpg,A296,Xiaomi Redmi 15C 128 GB,Xiaomi,Xiaomi Redmi 15C,128 GB,,Android,La lámina no incluye este modelo exacto
2,A294.jpg,A294,Xiaomi Redmi 15C 256 GB,Xiaomi,Xiaomi Redmi 15C,256 GB,,Android,La lámina no incluye este modelo exacto
2,A295.jpg,A295,Xiaomi Redmi 15C 256 GB,Xiaomi,Xiaomi Redmi 15C,256 GB,,Android,La lámina no incluye este modelo exacto
2,A292.jpg,A292,Xiaomi Redmi Note 15 128 GB,Xiaomi,Xiaomi Redmi Note 15,128 GB,,Android,La lámina no incluye este modelo exacto
2,A290.jpg,A290,Xiaomi Redmi Note 15 256 GB,Xiaomi,Xiaomi Redmi Note 15,256 GB,,Android,La lámina no incluye este modelo exacto
2,A291.jpg,A291,Xiaomi Redmi Note 15 256 GB,Xiaomi,Xiaomi Redmi Note 15,256 GB,,Android,La lámina no incluye este modelo exacto
2,A288.jpg,A288,Xiaomi Redmi Note 15 Pro 256 GB,Xiaomi,Xiaomi Redmi Note 15 Pro,256 GB,,Android,La lámina no incluye este modelo exacto
2,A289.jpg,A289,Xiaomi Redmi Note 15 Pro 256 GB,Xiaomi,Xiaomi Redmi Note 15 Pro,256 GB,,Android,La lámina no incluye este modelo exacto
2,A286.jpg,A286,Xiaomi Redmi Note 15 Pro 512 GB,Xiaomi,Xiaomi Redmi Note 15 Pro,512 GB,,Android,La lámina no incluye este modelo exacto
2,A287.jpg,A287,Xiaomi Redmi Note 15 Pro 512 GB,Xiaomi,Xiaomi Redmi Note 15 Pro,512 GB,,Android,La lámina no incluye este modelo exacto
2,A285.jpg,A285,Xiaomi Redmi Note 15 Pro + 256 GB,Xiaomi,Xiaomi Redmi Note 15 Pro +,256 GB,,Android,La lámina no incluye este modelo exacto
2,A284.jpg,A284,Xiaomi Redmi Note 15 Pro + 512 GB,Xiaomi,Xiaomi Redmi Note 15 Pro +,512 GB,,Android,La lámina no incluye este modelo exacto
3,A345.jpg,A345,Lenovo Idea Tab Pro 12.7 256 GB,Lenovo,Lenovo Idea Tab Pro 12.7,256 GB,,Tablets,La lámina no incluye este modelo exacto
3,A357.jpg,A357,"Samsung Tab A11 8.7"" 64 GB",Samsung,"Samsung Tab A11 8.7""",64 GB,,Tablets,La lámina no incluye este modelo exacto
3,A355.jpg,A355,Samsung Tab A11+ 256 GB,Samsung,Samsung Tab A11+,256 GB,,Tablets,La lámina no incluye este modelo exacto
3,A356.jpg,A356,"Samsung Tab A11+ 11"" 128 GB",Samsung,"Samsung Tab A11+ 11""",128 GB,,Tablets,La lámina no incluye este modelo exacto
3,A358.jpg,A358,"Samsung Tab A9+ 11"" 64 GB",Samsung,"Samsung Tab A9+ 11""",64 GB,,Tablets,La lámina no incluye este modelo exacto
3,A353.jpg,A353,Samsung Tab S10 FE + Pen 128 GB,Samsung,Samsung Tab S10 FE + Pen,128 GB,,Tablets,La lámina no incluye este modelo exacto
3,A352.jpg,A352,Samsung Tab S10 FE + Pen 256 GB,Samsung,Samsung Tab S10 FE + Pen,256 GB,,Tablets,La lámina no incluye este modelo exacto
3,A354.jpg,A354,Samsung Tab S10 Lite + Pen 128 GB,Samsung,Samsung Tab S10 Lite + Pen,128 GB,,Tablets,La lámina no incluye este modelo exacto
3,A351.jpg,A351,Samsung Tab S11 14.6 + Pen 128 GB,Samsung,Samsung Tab S11 14.6 + Pen,128 GB,,Tablets,La lámina no incluye este modelo exacto
3,A350.jpg,A350,Samsung Tab S11 Ultra 14.6 + Pen 256 GB,Samsung,Samsung Tab S11 Ultra 14.6 + Pen,256 GB,,Tablets,La lámina no incluye este modelo exacto
3,A349.jpg,A349,"Xiaomi Tablet Redmi Pad 2 SE 11"" 128 GB",Xiaomi,"Xiaomi Tablet Redmi Pad 2 SE 11""",128 GB,,Tablets,La lámina no incluye este modelo exacto
3,A348.jpg,A348,"Xiaomi Tablet Redmi Pad 2 SE 11"" 256 GB",Xiaomi,"Xiaomi Tablet Redmi Pad 2 SE 11""",256 GB,,Tablets,La lámina no incluye este modelo exacto
3,A347.jpg,A347,"Xiaomi Tablet Redmi Pad Pro 2 12.1"" 128 GB",Xiaomi,"Xiaomi Tablet Redmi Pad Pro 2 12.1""",128 GB,,Tablets,La lámina no incluye este modelo exacto
3,A346.jpg,A346,"Xiaomi Tablet Redmi Pad Pro 2 12.1"" 256 GB",Xiaomi,"Xiaomi Tablet Redmi Pad Pro 2 12.1""",256 GB,,Tablets,La lámina no incluye este modelo exacto
4,A198.jpg,A198,"MacBook Air 13,6 M5 1 TB",Apple,"MacBook Air 13,6 M5",1 TB,,Notebooks,La lámina no incluye este modelo exacto
4,A197.jpg,A197,"MacBook Air 13,6 M5 512 GB",Apple,"MacBook Air 13,6 M5",512 GB,,Notebooks,La lámina no incluye este modelo exacto
4,A199.jpg,A199,"MacBook Air 15,3 M5",Apple,"MacBook Air 15,3 M5",,,Notebooks,La lámina no incluye este modelo exacto
4,A200.jpg,A200,"MacBook Air 15,3 M5 1 TB",Apple,"MacBook Air 15,3 M5",1 TB,,Notebooks,La lámina no incluye este modelo exacto
4,A195.jpg,A195,"MacBook Neo 13"" 256 GB",Apple,"MacBook Neo 13""",256 GB,,Notebooks,La lámina no incluye este modelo exacto
4,A196.jpg,A196,"MacBook Neo 13"" 512 GB",Apple,"MacBook Neo 13""",512 GB,,Notebooks,La lámina no incluye este modelo exacto
4,A201.jpg,A201,"MacBook Pro M5 14""",Apple,"MacBook Pro M5 14""",,,Notebooks,La lámina no incluye este modelo exacto
4,A202.jpg,A202,"MacBook Pro M5 14""",Apple,"MacBook Pro M5 14""",,,Notebooks,La lámina no incluye este modelo exacto
4,A203.jpg,A203,"MacBook Pro M5 14""",Apple,"MacBook Pro M5 14""",,,Notebooks,La lámina no incluye este modelo exacto
4,A204.jpg,A204,"MacBook Pro M5 14""",Apple,"MacBook Pro M5 14""",,,Notebooks,La lámina no incluye este modelo exacto
4,A205.jpg,A205,"MacBook Pro M5 Pro 14""",Apple,"MacBook Pro M5 Pro 14""",,,Notebooks,La lámina no incluye este modelo exacto
4,A206.jpg,A206,"MacBook Pro M5 Pro 14""",Apple,"MacBook Pro M5 Pro 14""",,,Notebooks,La lámina no incluye este modelo exacto
4,A207.jpg,A207,"MacBook Pro M5 Pro 14""",Apple,"MacBook Pro M5 Pro 14""",,,Notebooks,La lámina no incluye este modelo exacto
4,A208.jpg,A208,"MacBook Pro M5 Pro 14""",Apple,"MacBook Pro M5 Pro 14""",,,Notebooks,La lámina no incluye este modelo exacto
4,A209.jpg,A209,"MacBook Pro M5 Pro 16""",Apple,"MacBook Pro M5 Pro 16""",,,Notebooks,La lámina no incluye este modelo exacto
4,A210.jpg,A210,"MacBook Pro M5 Pro 16""",Apple,"MacBook Pro M5 Pro 16""",,,Notebooks,La lámina no incluye este modelo exacto
4,A319.jpg,A319,"Notebook Asus Vivobook Go 15.6""",Asus,"Notebook Asus Vivobook Go 15.6""",,,Notebooks,La lámina no incluye este modelo exacto
4,A314.jpg,A314,"Notebook Dell 15,6""",Dell,"Notebook Dell 15,6""",,,Notebooks,La lámina no incluye este modelo exacto
4,A315.jpg,A315,"Notebook HP 15,6""",HP,"Notebook HP 15,6""",,,Notebooks,La lámina no incluye este modelo exacto
4,A317.jpg,A317,"Notebook Lenovo 14""",Lenovo,"Notebook Lenovo 14""",,,Notebooks,La lámina no incluye este modelo exacto
4,A316.jpg,A316,"Notebook Lenovo 15.6""",Lenovo,"Notebook Lenovo 15.6""",,,Notebooks,La lámina no incluye este modelo exacto
4,A318.jpg,A318,"Notebook Lenovo Ideapad 1 15.6""",Lenovo,"Notebook Lenovo Ideapad 1 15.6""",,,Notebooks,La lámina no incluye este modelo exacto
5,A241.jpg,A241,Amazfit Active 3 Premium,Amazfit,Amazfit Active 3 Premium,,,Relojes,La lámina no incluye este modelo exacto
5,A240.jpg,A240,Amazfit Balance 2,Amazfit,Amazfit Balance 2,,,Relojes,La lámina no incluye este modelo exacto
5,A245.jpg,A245,Amazfit Gts 4 Mini,Amazfit,Amazfit Gts 4 Mini,,,Relojes,La lámina no incluye este modelo exacto
5,A231.jpg,A231,Apple Watch SE 2 40mm,Apple,Apple Watch SE 2 40mm,,,Relojes,La lámina no incluye este modelo exacto
5,A232.jpg,A232,Apple Watch SE 3 40mm,Apple,Apple Watch SE 3 40mm,,,Relojes,La lámina no incluye este modelo exacto
5,A233.jpg,A233,Apple Watch SE 3 44mm,Apple,Apple Watch SE 3 44mm,,,Relojes,La lámina no incluye este modelo exacto
5,A168.jpg,A168,Apple Watch Serie 10 46mm Negro,Apple,Apple Watch Serie 10 46mm,,Negro,Relojes,La lámina no incluye este modelo exacto
5,A234.jpg,A234,Apple Watch Serie 11 42mm,Apple,Apple Watch Serie 11 42mm,,,Relojes,La lámina no incluye este modelo exacto
5,A235.jpg,A235,Apple Watch Serie 11 42mm,Apple,Apple Watch Serie 11 42mm,,,Relojes,La lámina no incluye este modelo exacto
5,A236.jpg,A236,Apple Watch Serie 11 46mm,Apple,Apple Watch Serie 11 46mm,,,Relojes,La lámina no incluye este modelo exacto
5,A237.jpg,A237,Apple Watch Serie 11 46mm,Apple,Apple Watch Serie 11 46mm,,,Relojes,La lámina no incluye este modelo exacto
5,A169.jpg,A169,Apple Watch Ultra 3 49mm Negro,Apple,Apple Watch Ultra 3 49mm,,Negro,Relojes,La lámina no incluye este modelo exacto
5,A238.jpg,A238,Apple Watch Ultra 3 49mm,Apple,Apple Watch Ultra 3 49mm,,,Relojes,La lámina no incluye este modelo exacto
5,A243.jpg,A243,Garmin Forerunner 165 Music,Garmin,Garmin Forerunner 165 Music,,,Relojes,La lámina no incluye este modelo exacto
5,A242.jpg,A242,Garmin Instinct 2X Solar,Garmin,Garmin Instinct 2X Solar,,,Relojes,La lámina no incluye este modelo exacto
5,A251.jpg,A251,Smart Watch T800 Ultra 3,Genérico,Smart Watch T800 Ultra 3,,,Relojes,La lámina no incluye este modelo exacto
5,A249.jpg,A249,Samsung Galaxy Fit 3,Samsung,Samsung Galaxy Fit 3,,,Relojes,La lámina no incluye este modelo exacto
5,A246.jpg,A246,Samsung Galaxy Watch 7 44mm,Samsung,Samsung Galaxy Watch 7 44mm,,,Relojes,La lámina no incluye este modelo exacto
5,A248.jpg,A248,Samsung Galaxy Watch 8 40mm,Samsung,Samsung Galaxy Watch 8 40mm,,,Relojes,La lámina no incluye este modelo exacto
5,A247.jpg,A247,Samsung Galaxy Watch 8 44mm,Samsung,Samsung Galaxy Watch 8 44mm,,,Relojes,La lámina no incluye este modelo exacto
5,A244.jpg,A244,Samsung Galaxy Watch Ultra 7 47mm LTE,Samsung,Samsung Galaxy Watch Ultra 7 47mm LTE,,,Relojes,La lámina no incluye este modelo exacto
5,A250.jpg,A250,Xiaomi Sport Band,Xiaomi,Xiaomi Sport Band,,,Relojes,La lámina no incluye este modelo exacto
6,A228.jpg,A228,AirPods 4,Apple,AirPods 4,,,Audio,La lámina no incluye este modelo exacto
6,A227.jpg,A227,AirPods 4 Noise Cancel,Apple,AirPods 4 Noise Cancel,,,Audio,La lámina no incluye este modelo exacto
6,A336.jpg,A336,JBL BT Endurance Run 3,JBL,JBL BT Endurance Run 3,,,Audio,La lámina no incluye este modelo exacto
6,A330.jpg,A330,JBL Boombox 4,JBL,JBL Boombox 4,,,Audio,La lámina no incluye este modelo exacto
6,A331.jpg,A331,JBL Charge 6,JBL,JBL Charge 6,,,Audio,La lámina no incluye este modelo exacto
6,A332.jpg,A332,JBL Flip 7,JBL,JBL Flip 7,,,Audio,La lámina no incluye este modelo exacto
6,A333.jpg,A333,JBL Go 4,JBL,JBL Go 4,,,Audio,La lámina no incluye este modelo exacto
6,A329.jpg,A329,JBL PartyBox 710,JBL,JBL PartyBox 710,,,Audio,La lámina no incluye este modelo exacto
6,A337.jpg,A337,JBL Tune 310 USB-C,JBL,JBL Tune 310 USB-C,,,Audio,La lámina no incluye este modelo exacto
6,A334.jpg,A334,JBL Tune 520BT,JBL,JBL Tune 520BT,,,Audio,La lámina no incluye este modelo exacto
6,A335.jpg,A335,JBL Tune 770NC,JBL,JBL Tune 770NC,,,Audio,La lámina no incluye este modelo exacto
6,A272.jpg,A272,X View Xpods 5,X View,X View Xpods 5,,,Audio,La lámina no incluye este modelo exacto
7,A229.jpg,A229,AirTag Pack X1 2ª Generación,Apple,AirTag Pack X1 2ª Generación,,,Accesorios,La lámina no incluye este modelo exacto
7,A230.jpg,A230,AirTag Pack X4,Apple,AirTag Pack X4,,,Accesorios,La lámina no incluye este modelo exacto
7,A223.jpg,A223,Apple Pencil 1ª Generación,Apple,Apple Pencil 1ª Generación,,,Accesorios,La lámina no incluye este modelo exacto
7,A225.jpg,A225,Apple Pencil Pro,Apple,Apple Pencil Pro,,,Accesorios,La lámina no incluye este modelo exacto
7,A224.jpg,A224,Apple Pencil USB-C,Apple,Apple Pencil USB-C,,,Accesorios,La lámina no incluye este modelo exacto
7,A338.jpg,A338,Cable USB iPhone,Apple,Cable USB iPhone,,,Accesorios,La lámina no incluye este modelo exacto
7,A339.jpg,A339,Cargador 20W certificado iPhone,Apple,Cargador 20W certificado iPhone,,,Accesorios,La lámina no incluye este modelo exacto
7,A340.jpg,A340,Cargador 20W original iPhone,Apple,Cargador 20W original iPhone,,,Accesorios,La lámina no incluye este modelo exacto
7,A341.jpg,A341,Cargador 20W original iPhone (llevando el equipo),Apple,Cargador 20W original iPhone (llevando el equipo),,,Accesorios,La lámina no incluye este modelo exacto
7,A239.jpg,A239,Malla Nike para Apple Watch,Apple,Malla Nike para Apple Watch,,,Accesorios,La lámina no incluye este modelo exacto
7,A343.jpg,A343,Wallet MagSafe,Apple,Wallet MagSafe,,,Accesorios,La lámina no incluye este modelo exacto
7,A344.jpg,A344,GoPro Hero 13,GoPro,GoPro Hero 13,,,Accesorios,La lámina no incluye este modelo exacto
7,A342.jpg,A342,Cargador Samsung 25W original,Samsung,Cargador Samsung 25W original,,,Accesorios,La lámina no incluye este modelo exacto
7,A327.jpg,A327,Joystick PS5 DualSense Adicional,Sony,Joystick PS5 DualSense Adicional,,,Accesorios,La lámina no incluye este modelo exacto
7,A328.jpg,A328,Volante Logitech para PS5,Sony,Volante Logitech para PS5,,,Accesorios,La lámina no incluye este modelo exacto
8,A324.jpg,A324,Nintendo Switch 2 LCD,Nintendo,Nintendo Switch 2 LCD,,,Consolas,La lámina no incluye este modelo exacto
8,A326.jpg,A326,Nintendo Switch Lite,Nintendo,Nintendo Switch Lite,,,Consolas,La lámina no incluye este modelo exacto
8,A325.jpg,A325,Nintendo Switch OLED,Nintendo,Nintendo Switch OLED,,,Consolas,La lámina no incluye este modelo exacto
8,A322.jpg,A322,PS5 Digital,Sony,PS5 Digital,,,Consolas,La lámina no incluye este modelo exacto
8,A323.jpg,A323,PS5 Lectora,Sony,PS5 Lectora,,,Consolas,La lámina no incluye este modelo exacto
8,A320.jpg,A320,PS5 Pro Digital,Sony,PS5 Pro Digital,,,Consolas,La lámina no incluye este modelo exacto
8,A321.jpg,A321,PS5 VR2 Lentes Realidad Virtual,Sony,PS5 VR2 Lentes Realidad Virtual,,,Consolas,La lámina no incluye este modelo exacto
