referencia,producto,categoria,archivo,ocupacion_pct,texto_detectado,resolucion,estado,motivo
A101,iPhone 11 128 GB,iPhone,A101.svg,,no,vectorial,GENERADA,
A102,iPhone 11 128 GB,iPhone,A102.svg,,no,vectorial,GENERADA,
A103,iPhone 11 64 GB Negro,iPhone,A103.svg,,no,vectorial,GENERADA,
A104,iPhone 11 64 GB Negro,iPhone,A104.svg,,no,vectorial,GENERADA,
A105,iPhone 11 64 GB Negro,iPhone,A105.svg,,no,vectorial,GENERADA,
A106,iPhone 12 Mini 64 GB Negro,iPhone,A106.svg,,no,vectorial,GENERADA,
A107,iPhone 12 64 GB Negro,iPhone,A107.webp,42.8,no,1000x1000,OK,
A108,iPhone 12 64 GB Negro,iPhone,A108.webp,42.8,no,1000x1000,OK,
A109,iPhone 12 128 GB Negro,iPhone,A109.webp,42.8,no,1000x1000,OK,
A110,iPhone 12 128 GB,iPhone,A110.svg,,no,vectorial,GENERADA,
A111,iPhone 12 128 GB,iPhone,A111.svg,,no,vectorial,GENERADA,
A112,iPhone 12 Pro 128 GB Azul,iPhone,A112.svg,,no,vectorial,GENERADA,
A113,iPhone 12 Pro 128 GB Azul,iPhone,A113.svg,,no,vectorial,GENERADA,
A114,iPhone 12 Pro 128 GB Azul,iPhone,A114.svg,,no,vectorial,GENERADA,
A115,iPhone 13 Mini 128 GB,iPhone,A115.svg,,no,vectorial,GENERADA,
A116,iPhone 13 Mini 128 GB Rosa,iPhone,A116.webp,51.2,no,1000x1000,OK,
A117,iPhone 13 Mini 128 GB,iPhone,A117.webp,51.2,no,1000x1000,OK,
A118,iPhone 13 Mini 256 GB,iPhone,A118.webp,51.2,no,1000x1000,OK,
A119,iPhone 13 Mini 256 GB,iPhone,A119.webp,51.2,no,1000x1000,OK,
A120,iPhone 13 128 GB,iPhone,A120.webp,30.0,no,1000x1000,OK,
A121,iPhone 13 128 GB,iPhone,A121.webp,42.7,no,1000x1000,OK,
A122,iPhone 13 128 GB,iPhone,A122.webp,42.7,no,1000x1000,OK,
A123,iPhone 13 128 GB Negro,iPhone,A123.webp,42.7,no,1000x1000,OK,
A124,iPhone 13 128 GB Blanco,iPhone,A124.webp,30.0,no,1000x1000,OK,
A125,iPhone 13 128 GB,iPhone,A125.webp,44.0,no,1000x1000,OK,
A126,iPhone 13 256 GB Negro,iPhone,A126.webp,42.7,no,1000x1000,OK,
A127,iPhone 13 256 GB Verde,iPhone,A127.webp,42.7,no,1000x1000,OK,
A128,iPhone 13 256 GB Verde,iPhone,A128.webp,42.7,no,1000x1000,OK,
A129,iPhone 13 Pro 128 GB Blanco,iPhone,A129.webp,50.1,no,1000x1000,OK,
A130,iPhone 13 Pro 128 GB Negro,iPhone,A130.svg,,no,vectorial,GENERADA,
A131,iPhone 13 Pro 128 GB Negro,iPhone,A131.svg,,no,vectorial,GENERADA,
A132,iPhone 13 Pro Max 128 GB Negro,iPhone,A132.svg,,no,vectorial,GENERADA,
A133,iPhone 13 Pro Max 256 GB Negro,iPhone,A133.svg,,no,vectorial,GENERADA,
A134,iPhone 13 Pro Max 256 GB Negro,iPhone,A134.svg,,no,vectorial,GENERADA,
A135,iPhone 14 128 GB Negro,iPhone,A135.svg,,no,vectorial,GENERADA,
A136,iPhone 14 128 GB,iPhone,A136.webp,47.7,no,1000x1000,OK,
A137,iPhone 14 Plus 256 GB Blanco,iPhone,A137.webp,45.8,no,1000x1000,OK,
A138,iPhone 14 Plus 256 GB Blanco,iPhone,A138.webp,45.8,no,1000x1000,OK,
A139,iPhone 14 Pro 128 GB Lila,iPhone,A139.svg,,no,vectorial,GENERADA,
A140,iPhone 14 Pro 128 GB,iPhone,A140.webp,53.7,no,1000x1000,OK,
A141,iPhone 14 Pro 128 GB Lila,iPhone,A141.svg,,no,vectorial,GENERADA,
A142,iPhone 14 Pro 128 GB,iPhone,A142.webp,53.7,no,1000x1000,OK,
A143,iPhone 14 Pro 256 GB Negro,iPhone,A143.webp,53.7,no,1000x1000,OK,
A144,iPhone 14 Pro 256 GB Lila,iPhone,A144.svg,,no,vectorial,GENERADA,
A145,iPhone 14 Pro 256 GB,iPhone,A145.webp,53.7,no,1000x1000,OK,
A146,iPhone 14 Pro Max 128 GB Dorado,iPhone,A146.webp,56.6,no,1000x1000,OK,
A147,iPhone 15 128 GB Amarillo,iPhone,A147.webp,46.0,no,1000x1000,OK,
A148,iPhone 15 128 GB Rosa,iPhone,A148.webp,46.0,no,1000x1000,OK,
A149,iPhone 15 Pro 128 GB Titanio Natural,iPhone,A149.svg,,no,vectorial,GENERADA,
A150,iPhone 15 Pro 128 GB,iPhone,A150.webp,50.4,no,1000x1000,OK,
A151,iPhone 15 Pro 128 GB,iPhone,A151.webp,50.4,no,1000x1000,OK,
A152,iPhone 15 Pro 256 GB Blanco,iPhone,A152.webp,50.4,no,1000x1000,OK,
A153,iPhone 15 Pro 256 GB Negro,iPhone,A153.webp,54.7,no,1000x1000,OK,
A154,iPhone 15 Pro 256 GB Negro,iPhone,A154.webp,54.7,no,1000x1000,OK,
A155,iPhone 15 Pro 256 GB Negro,iPhone,A155.webp,54.7,no,1000x1000,OK,
A156,iPhone 15 Pro Max 256 GB,iPhone,A156.webp,54.7,no,1000x1000,OK,
A157,iPhone 16 Pro 128 GB,iPhone,A157.webp,39.9,no,1000x1000,OK,
A158,iPhone 16 Pro 128 GB,iPhone,A158.svg,,no,vectorial,GENERADA,
A159,iPhone 16 Pro 128 GB Blanco,iPhone,A159.webp,39.9,no,1000x1000,OK,
A160,iPhone 16 Pro Max 256 GB Titanio Natural,iPhone,A160.webp,50.3,no,1000x1000,OK,
A161,iPhone 16 Pro Max 256 GB,iPhone,A161.webp,39.4,no,1000x1000,OK,
A162,iPhone 16 Pro Max 256 GB,iPhone,A162.webp,50.3,no,1000x1000,OK,
A163,iPhone 16 Pro Max 256 GB Titanio Natural,iPhone,A163.webp,50.3,no,1000x1000,OK,
A164,iPhone 17e 256 GB Rosa,iPhone,A164.svg,,no,vectorial,GENERADA,
A165,iPhone 17 256 GB,iPhone,A165.webp,53.9,no,1000x1000,OK,
A166,iPhone 17 Pro 256 GB Naranja,iPhone,A166.webp,56.5,no,1000x1000,OK,
A168,Apple Watch Serie 10 46mm Negro,Relojes,A168.svg,,no,vectorial,GENERADA,
A169,Apple Watch Ultra 3 49mm Negro,Relojes,A169.svg,,no,vectorial,GENERADA,
A171,iPhone 13 128 GB,iPhone,A171.webp,44.0,no,1000x1000,OK,
A172,iPhone 14 128 GB,iPhone,A172.webp,47.0,no,1000x1000,OK,
A173,iPhone 15 128 GB,iPhone,A173.webp,46.0,no,1000x1000,OK,
A174,iPhone 15 256 GB,iPhone,A174.webp,46.0,no,1000x1000,OK,
A175,iPhone 15 512 GB,iPhone,A175.webp,46.0,no,1000x1000,OK,
A176,iPhone 15 Plus 128 GB,iPhone,A176.webp,46.5,no,1000x1000,OK,
A177,iPhone 16 128 GB,iPhone,A177.webp,52.3,no,1000x1000,OK,
A178,iPhone 16 Plus 128 GB,iPhone,A178.webp,58.5,no,1000x1000,OK,
A179,iPhone 16 Pro Max 256 GB,iPhone,A179.webp,50.3,no,1000x1000,OK,
A180,iPhone 17 256 GB,iPhone,A180.webp,53.9,no,1000x1000,OK,
A181,iPhone 17 512 GB,iPhone,A181.webp,53.9,no,1000x1000,OK,
A182,iPhone 17 Air 256 GB,iPhone,A182.webp,54.3,no,1000x1000,OK,
A183,iPhone 17e 256 GB,iPhone,A183.webp,31.4,no,1000x1000,OK,
A184,iPhone 17 Pro 256 GB Naranja,iPhone,A184.webp,56.5,no,1000x1000,OK,
A185,iPhone 17 Pro 256 GB Azul,iPhone,A185.svg,,no,vectorial,GENERADA,
A186,iPhone 17 Pro 256 GB Plata,iPhone,A186.webp,56.5,no,1000x1000,OK,
A187,iPhone 17 Pro 512 GB,iPhone,A187.webp,56.5,no,1000x1000,OK,
A188,iPhone 17 Pro 1 TB,iPhone,A188.webp,56.5,no,1000x1000,OK,
A189,iPhone 17 Pro Max 256 GB Naranja,iPhone,A189.svg,,no,vectorial,GENERADA,
A190,iPhone 17 Pro Max 256 GB Azul,iPhone,A190.webp,56.6,no,1000x1000,OK,
A191,iPhone 17 Pro Max 256 GB Plata,iPhone,A191.webp,56.6,no,1000x1000,OK,
A192,iPhone 17 Pro Max 512 GB,iPhone,A192.webp,56.6,no,1000x1000,OK,
A193,iPhone 17 Pro Max 1 TB,iPhone,A193.webp,56.6,no,1000x1000,OK,
A194,iPhone 17 Pro Max 2 TB,iPhone,A194.webp,56.6,no,1000x1000,OK,
A195,"MacBook Neo 13"" 256 GB",Notebooks,A195.svg,,no,vectorial,GENERADA,
A196,"MacBook Neo 13"" 512 GB",Notebooks,A196.svg,,no,vectorial,GENERADA,
A197,"MacBook Air 13,6 M5 512 GB",Notebooks,A197.svg,,no,vectorial,GENERADA,
A198,"MacBook Air 13,6 M5 1 TB",Notebooks,A198.svg,,no,vectorial,GENERADA,
A199,"MacBook Air 15,3 M5",Notebooks,A199.svg,,no,vectorial,GENERADA,
A200,"MacBook Air 15,3 M5 1 TB",Notebooks,A200.svg,,no,vectorial,GENERADA,
A201,"MacBook Pro M5 14""",Notebooks,A201.svg,,no,vectorial,GENERADA,
A202,"MacBook Pro M5 14""",Notebooks,A202.svg,,no,vectorial,GENERADA,
A203,"MacBook Pro M5 14""",Notebooks,A203.svg,,no,vectorial,GENERADA,
A204,"MacBook Pro M5 14""",Notebooks,A204.svg,,no,vectorial,GENERADA,
A205,"MacBook Pro M5 Pro 14""",Notebooks,A205.svg,,no,vectorial,GENERADA,
A206,"MacBook Pro M5 Pro 14""",Notebooks,A206.svg,,no,vectorial,GENERADA,
A207,"MacBook Pro M5 Pro 14""",Notebooks,A207.svg,,no,vectorial,GENERADA,
A208,"MacBook Pro M5 Pro 14""",Notebooks,A208.svg,,no,vectorial,GENERADA,
A209,"MacBook Pro M5 Pro 16""",Notebooks,A209.svg,,no,vectorial,GENERADA,
A210,"MacBook Pro M5 Pro 16""",Notebooks,A210.svg,,no,vectorial,GENERADA,
A211,iPad Mini A17 Pro 128 GB,Tablets,A211.webp,59.7,no,1000x1000,OK,
A212,iPad Mini A17 Pro 256 GB,Tablets,A212.webp,59.7,no,1000x1000,OK,
A213,iPad 11 128 GB,Tablets,A213.webp,57.4,no,1000x1000,OK,
A214,iPad 11 256 GB,Tablets,A214.webp,57.4,no,1000x1000,OK,
A215,"iPad Air 11"" M4 128 GB",Tablets,A215.svg,,no,vectorial,GENERADA,
A216,"iPad Air 11"" M4 256 GB",Tablets,A216.svg,,no,vectorial,GENERADA,
A217,"iPad Air 13"" M4 128 GB",Tablets,A217.svg,,no,vectorial,GENERADA,
A218,"iPad Air 13"" M4 256 GB",Tablets,A218.svg,,no,vectorial,GENERADA,
A219,"iPad Pro 11"" M5 256 GB",Tablets,A219.svg,,no,vectorial,GENERADA,
A220,"iPad Pro 11"" M5 512 GB",Tablets,A220.svg,,no,vectorial,GENERADA,
A221,"iPad Pro 13"" M5 256 GB",Tablets,A221.webp,62.2,no,1000x1000,OK,
A222,"iPad Pro 13"" M5 512 GB",Tablets,A222.webp,62.2,no,1000x1000,OK,
A223,Apple Pencil 1ª Generación,Accesorios,A223.svg,,no,vectorial,GENERADA,
A224,Apple Pencil USB-C,Accesorios,A224.svg,,no,vectorial,GENERADA,
A225,Apple Pencil Pro,Accesorios,A225.svg,,no,vectorial,GENERADA,
A226,AirPods Pro 3,Audio,A226.webp,55.0,no,1000x1000,OK,
A227,AirPods 4 Noise Cancel,Audio,A227.svg,,no,vectorial,GENERADA,
A228,AirPods 4,Audio,A228.svg,,no,vectorial,GENERADA,
A229,AirTag Pack X1 2ª Generación,Accesorios,A229.svg,,no,vectorial,GENERADA,
A230,AirTag Pack X4,Accesorios,A230.svg,,no,vectorial,GENERADA,
A231,Apple Watch SE 2 40mm,Relojes,A231.svg,,no,vectorial,GENERADA,
A232,Apple Watch SE 3 40mm,Relojes,A232.svg,,no,vectorial,GENERADA,
A233,Apple Watch SE 3 44mm,Relojes,A233.svg,,no,vectorial,GENERADA,
A234,Apple Watch Serie 11 42mm,Relojes,A234.svg,,no,vectorial,GENERADA,
A235,Apple Watch Serie 11 42mm,Relojes,A235.svg,,no,vectorial,GENERADA,
A236,Apple Watch Serie 11 46mm,Relojes,A236.svg,,no,vectorial,GENERADA,
A237,Apple Watch Serie 11 46mm,Relojes,A237.svg,,no,vectorial,GENERADA,
A238,Apple Watch Ultra 3 49mm,Relojes,A238.svg,,no,vectorial,GENERADA,
A239,Malla Nike para Apple Watch,Accesorios,A239.svg,,no,vectorial,GENERADA,
A240,Amazfit Balance 2,Relojes,A240.svg,,no,vectorial,GENERADA,
A241,Amazfit Active 3 Premium,Relojes,A241.svg,,no,vectorial,GENERADA,
A242,Garmin Instinct 2X Solar,Relojes,A242.svg,,no,vectorial,GENERADA,
A243,Garmin Forerunner 165 Music,Relojes,A243.svg,,no,vectorial,GENERADA,
A244,Samsung Galaxy Watch Ultra 7 47mm LTE,Relojes,A244.svg,,no,vectorial,GENERADA,
A245,Amazfit Gts 4 Mini,Relojes,A245.svg,,no,vectorial,GENERADA,
A246,Samsung Galaxy Watch 7 44mm,Relojes,A246.svg,,no,vectorial,GENERADA,
A247,Samsung Galaxy Watch 8 44mm,Relojes,A247.svg,,no,vectorial,GENERADA,
A248,Samsung Galaxy Watch 8 40mm,Relojes,A248.svg,,no,vectorial,GENERADA,
A249,Samsung Galaxy Fit 3,Relojes,A249.svg,,no,vectorial,GENERADA,
A250,Xiaomi Sport Band,Relojes,A250.svg,,no,vectorial,GENERADA,
A251,Smart Watch T800 Ultra 3,Relojes,A251.svg,,no,vectorial,GENERADA,
A252,Samsung Galaxy S26 Ultra 512 GB,Android,A252.webp,59.3,no,1000x1000,OK,
A253,Samsung Galaxy S26 Ultra 256 GB,Android,A253.webp,59.3,no,1000x1000,OK,
A254,Samsung Galaxy S26 Plus 512 GB,Android,A254.webp,49.2,no,1000x1000,OK,
A255,Samsung Galaxy S26 Plus 256 GB,Android,A255.webp,49.2,no,1000x1000,OK,
A256,Samsung Galaxy S26 512 GB,Android,A256.webp,47.3,no,1000x1000,OK,
A257,Samsung Galaxy S26 256 GB,Android,A257.webp,47.3,no,1000x1000,OK,
A258,Samsung Galaxy S25 Ultra 256 GB,Android,A258.webp,55.1,no,1000x1000,OK,
A259,Samsung Galaxy S25FE 512 GB,Android,A259.svg,,no,vectorial,GENERADA,
A260,Samsung Galaxy S25FE 256 GB,Android,A260.svg,,no,vectorial,GENERADA,
A261,Samsung Galaxy A57 128 GB,Android,A261.svg,,no,vectorial,GENERADA,
A262,Samsung Galaxy A37 256 GB,Android,A262.svg,,no,vectorial,GENERADA,
A263,Samsung Galaxy A37 128 GB,Android,A263.svg,,no,vectorial,GENERADA,
A264,Samsung Galaxy A27 128 GB,Android,A264.svg,,no,vectorial,GENERADA,
A265,Samsung Galaxy A26 256 GB,Android,A265.webp,56.1,no,1000x1000,OK,
A266,Samsung Galaxy A26 128 GB,Android,A266.webp,56.1,no,1000x1000,OK,
A267,Samsung Galaxy A17 256 GB,Android,A267.svg,,no,vectorial,GENERADA,
A268,Samsung Galaxy A17 128 GB,Android,A268.svg,,no,vectorial,GENERADA,
A269,Samsung Galaxy A16 128 GB,Android,A269.webp,57.4,no,1000x1000,OK,
A270,Samsung Galaxy A07 128 GB,Android,A270.svg,,no,vectorial,GENERADA,
A271,Samsung Galaxy A07 64 GB,Android,A271.svg,,no,vectorial,GENERADA,
A272,X View Xpods 5,Audio,A272.svg,,no,vectorial,GENERADA,
A273,Poco F8 Ultra 512 GB,Android,A273.svg,,no,vectorial,GENERADA,
A274,Poco F8 Pro 512 GB,Android,A274.svg,,no,vectorial,GENERADA,
A275,Poco X8 Pro 8 GB RAM 256 GB,Android,A275.svg,,no,vectorial,GENERADA,
A276,Poco X8 Pro 512 GB,Android,A276.svg,,no,vectorial,GENERADA,
A277,Poco X8 Pro Max 256 GB,Android,A277.svg,,no,vectorial,GENERADA,
A278,Poco X8 Pro Max 512 GB,Android,A278.svg,,no,vectorial,GENERADA,
A279,Poco M8 Pro 512 GB,Android,A279.svg,,no,vectorial,GENERADA,
A280,Poco M8 Pro 256 GB,Android,A280.svg,,no,vectorial,GENERADA,
A281,Poco M8 512 GB,Android,A281.svg,,no,vectorial,GENERADA,
A282,Xiaomi 17 Ultra 512 GB,Android,A282.svg,,no,vectorial,GENERADA,
A283,Xiaomi 17T 512 GB,Android,A283.svg,,no,vectorial,GENERADA,
A284,Xiaomi Redmi Note 15 Pro + 512 GB,Android,A284.svg,,no,vectorial,GENERADA,
A285,Xiaomi Redmi Note 15 Pro + 256 GB,Android,A285.svg,,no,vectorial,GENERADA,
A286,Xiaomi Redmi Note 15 Pro 512 GB,Android,A286.svg,,no,vectorial,GENERADA,
A287,Xiaomi Redmi Note 15 Pro 512 GB,Android,A287.svg,,no,vectorial,GENERADA,
A288,Xiaomi Redmi Note 15 Pro 256 GB,Android,A288.svg,,no,vectorial,GENERADA,
A289,Xiaomi Redmi Note 15 Pro 256 GB,Android,A289.svg,,no,vectorial,GENERADA,
A290,Xiaomi Redmi Note 15 256 GB,Android,A290.svg,,no,vectorial,GENERADA,
A291,Xiaomi Redmi Note 15 256 GB,Android,A291.svg,,no,vectorial,GENERADA,
A292,Xiaomi Redmi Note 15 128 GB,Android,A292.svg,,no,vectorial,GENERADA,
A293,Xiaomi Redmi 15 128 GB,Android,A293.svg,,no,vectorial,GENERADA,
A294,Xiaomi Redmi 15C 256 GB,Android,A294.svg,,no,vectorial,GENERADA,
A295,Xiaomi Redmi 15C 256 GB,Android,A295.svg,,no,vectorial,GENERADA,
A296,Xiaomi Redmi 15C 128 GB,Android,A296.svg,,no,vectorial,GENERADA,
A297,Motorola Moto Edge Pro 512 GB,Android,A297.svg,,no,vectorial,GENERADA,
A298,Motorola Moto Edge 60 512 GB,Android,A298.svg,,no,vectorial,GENERADA,
A299,Motorola Moto Edge 60 Fusion 256 GB,Android,A299.svg,,no,vectorial,GENERADA,
A300,Motorola Moto Edge 70 Fusion 256 GB,Android,A300.svg,,no,vectorial,GENERADA,
A301,Motorola Moto G86 Power 256 GB,Android,A301.svg,,no,vectorial,GENERADA,
A302,Motorola Moto G86 512 GB,Android,A302.svg,,no,vectorial,GENERADA,
A303,Motorola Moto G77 256 GB,Android,A303.svg,,no,vectorial,GENERADA,
A304,Motorola Moto G57 Power 256 GB,Android,A304.svg,,no,vectorial,GENERADA,
A305,Motorola Moto G67 256 GB,Android,A305.svg,,no,vectorial,GENERADA,
A306,Motorola Moto G56 256 GB,Android,A306.svg,,no,vectorial,GENERADA,
A307,Motorola Moto G35 256 GB,Android,A307.svg,,no,vectorial,GENERADA,
A308,Motorola Moto G17 256 GB,Android,A308.svg,,no,vectorial,GENERADA,
A309,Motorola Moto G15 512 GB,Android,A309.svg,,no,vectorial,GENERADA,
A310,Motorola Moto G15 256 GB,Android,A310.svg,,no,vectorial,GENERADA,
A311,Motorola Moto G15 128 GB,Android,A311.svg,,no,vectorial,GENERADA,
A312,Motorola Moto G06 256 GB,Android,A312.svg,,no,vectorial,GENERADA,
A313,Motorola Moto G06 128 GB,Android,A313.svg,,no,vectorial,GENERADA,
A314,"Notebook Dell 15,6""",Notebooks,A314.svg,,no,vectorial,GENERADA,
A315,"Notebook HP 15,6""",Notebooks,A315.svg,,no,vectorial,GENERADA,
A316,"Notebook Lenovo 15.6""",Notebooks,A316.svg,,no,vectorial,GENERADA,
A317,"Notebook Lenovo 14""",Notebooks,A317.svg,,no,vectorial,GENERADA,
A318,"Notebook Lenovo Ideapad 1 15.6""",Notebooks,A318.svg,,no,vectorial,GENERADA,
A319,"Notebook Asus Vivobook Go 15.6""",Notebooks,A319.svg,,no,vectorial,GENERADA,
A320,PS5 Pro Digital,Consolas,A320.svg,,no,vectorial,GENERADA,
A321,PS5 VR2 Lentes Realidad Virtual,Consolas,A321.svg,,no,vectorial,GENERADA,
A322,PS5 Digital,Consolas,A322.svg,,no,vectorial,GENERADA,
A323,PS5 Lectora,Consolas,A323.svg,,no,vectorial,GENERADA,
A324,Nintendo Switch 2 LCD,Consolas,A324.svg,,no,vectorial,GENERADA,
A325,Nintendo Switch OLED,Consolas,A325.svg,,no,vectorial,GENERADA,
A326,Nintendo Switch Lite,Consolas,A326.svg,,no,vectorial,GENERADA,
A327,Joystick PS5 DualSense Adicional,Accesorios,A327.svg,,no,vectorial,GENERADA,
A328,Volante Logitech para PS5,Accesorios,A328.svg,,no,vectorial,GENERADA,
A329,JBL PartyBox 710,Audio,A329.svg,,no,vectorial,GENERADA,
A330,JBL Boombox 4,Audio,A330.svg,,no,vectorial,GENERADA,
A331,JBL Charge 6,Audio,A331.svg,,no,vectorial,GENERADA,
A332,JBL Flip 7,Audio,A332.svg,,no,vectorial,GENERADA,
A333,JBL Go 4,Audio,A333.svg,,no,vectorial,GENERADA,
A334,JBL Tune 520BT,Audio,A334.svg,,no,vectorial,GENERADA,
A335,JBL Tune 770NC,Audio,A335.svg,,no,vectorial,GENERADA,
A336,JBL BT Endurance Run 3,Audio,A336.svg,,no,vectorial,GENERADA,
A337,JBL Tune 310 USB-C,Audio,A337.svg,,no,vectorial,GENERADA,
A338,Cable USB iPhone,Accesorios,A338.svg,,no,vectorial,GENERADA,
A339,Cargador 20W certificado iPhone,Accesorios,A339.svg,,no,vectorial,GENERADA,
A340,Cargador 20W original iPhone,Accesorios,A340.svg,,no,vectorial,GENERADA,
A341,Cargador 20W original iPhone (llevando el equipo),Accesorios,A341.svg,,no,vectorial,GENERADA,
A342,Cargador Samsung 25W original,Accesorios,A342.svg,,no,vectorial,GENERADA,
A343,Wallet MagSafe,Accesorios,A343.svg,,no,vectorial,GENERADA,
A344,GoPro Hero 13,Accesorios,A344.svg,,no,vectorial,GENERADA,
A345,Lenovo Idea Tab Pro 12.7 256 GB,Tablets,A345.svg,,no,vectorial,GENERADA,
A346,"Xiaomi Tablet Redmi Pad Pro 2 12.1"" 256 GB",Tablets,A346.svg,,no,vectorial,GENERADA,
A347,"Xiaomi Tablet Redmi Pad Pro 2 12.1"" 128 GB",Tablets,A347.svg,,no,vectorial,GENERADA,
A348,"Xiaomi Tablet Redmi Pad 2 SE 11"" 256 GB",Tablets,A348.svg,,no,vectorial,GENERADA,
A349,"Xiaomi Tablet Redmi Pad 2 SE 11"" 128 GB",Tablets,A349.svg,,no,vectorial,GENERADA,
A350,Samsung Tab S11 Ultra 14.6 + Pen 256 GB,Tablets,A350.svg,,no,vectorial,GENERADA,
A351,Samsung Tab S11 14.6 + Pen 128 GB,Tablets,A351.svg,,no,vectorial,GENERADA,
A352,Samsung Tab S10 FE + Pen 256 GB,Tablets,A352.svg,,no,vectorial,GENERADA,
A353,Samsung Tab S10 FE + Pen 128 GB,Tablets,A353.svg,,no,vectorial,GENERADA,
A354,Samsung Tab S10 Lite + Pen 128 GB,Tablets,A354.svg,,no,vectorial,GENERADA,
A355,Samsung Tab A11+ 256 GB,Tablets,A355.svg,,no,vectorial,GENERADA,
A356,"Samsung Tab A11+ 11"" 128 GB",Tablets,A356.svg,,no,vectorial,GENERADA,
A357,"Samsung Tab A11 8.7"" 64 GB",Tablets,A357.svg,,no,vectorial,GENERADA,
A358,"Samsung Tab A9+ 11"" 64 GB",Tablets,A358.svg,,no,vectorial,GENERADA,
