IPHONES AS / EL MEJOR PRECIO EN UN SOLO LUGAR,,,,,,,,,,"COTIZACION 
DOLAR",1620
,,,,,,,,,,,
,,,,,,,,,,,
,,,,,,,,,,EQUIPOS AL 100% consultar batería cambiada ,
,,,,,,,,,,,
SELECCION USADOS ,,,,,,,,,,,
,,,,,,,,,,,
MODELO,GB,BATERIA,COLOR,,DOLARES,PESOS,6 CUOTAS ,12 CUOTAS,DETALLE,,
11,128,78,negro blanco,,$175,"$283,500","$74,182.50","$45,123.75",,,
11,128,100,negro blanco,,$210,"$340,200","$89,019.00","$54,148.50",,,
11,64,75,negro,,$150,"$243,000","$63,585.00","$38,677.50",,,
11,64,78,negro,,$155,"$251,100","$65,704.50","$39,966.75",,,
11,64,100,negro,,$180,"$291,600","$76,302.00","$46,413.00",,,
,,,,,,,,,,,
12 mini,64,88,negro,,$200,"$324,000","$84,780.00","$51,570.00",,,
12,64,77,negro,,$160,"$259,200","$67,824.00","$41,256.00",detale tapa,,
12,64,100,negro,,$220,"$356,400","$93,258.00","$56,727.00",detalle min. pantalla,,
12,128,74,negro,,$230,"$372,600","$97,497.00","$59,305.50",,,
12,128,77,blanco verde,,$235,"$380,700","$99,616.50","$60,594.75",,,
12,128,100,blanco rojo verde,,$260,"$421,200","$110,214.00","$67,041.00",,,
12 pro,128,81,azul,,$220,"$356,400","$93,258.00","$56,727.00",sin face id y otro con det pantalla,,
12 pro,128,80,azul,,$270,"$437,400","$114,453.00","$69,619.50",,,
12 pro,128,100,azul,,$310,"$502,200","$131,409.00","$79,933.50",,,
,,,,,,,,,,,
13 mini,128,74,Negro/Blanco,,$230,"$372,600","$97,497.00","$59,305.50",,,
13 mini,128,79,Rosa,,$240,"$388,800","$101,736.00","$61,884.00",,,
13 mini,128,100,Rosa/Negro/Blanco,,$270,"$437,400","$114,453.00","$69,619.50",,,
13 mini,256,76,Rosa/Blanco,,$245,"$396,900","$103,855.50","$63,173.25",,,
13 mini,256,100,Rosa/Blanco,,$280,"$453,600","$118,692.00","$72,198.00",,,
13,128,75 78,blanco rosa azul,,$225,"$364,500","$95,377.50","$58,016.25",detalle pantalla y otro en tapa,,
13,128,77 78,negro blanco,,$310,"$502,200","$131,409.00","$79,933.50",,,
13,128,81 83,negro blanco,,$320,"$518,400","$135,648.00","$82,512.00",,,
13,128,85,negro,,$325,"$526,500","$137,767.50","$83,801.25",,,
13,128,89,blanco,,$330,"$534,600","$139,887.00","$85,090.50",,,
13,128,100,rojo blanco negro,,$345,"$558,900","$146,245.50","$88,958.25",,,
13,256,70,negro,,$290,"$469,800","$122,931.00","$74,776.50",pixell,,
13,256,76,verde,,$340,"$550,800","$144,126.00","$87,669.00",,,
13,256,100,verde,,$380,"$615,600","$161,082.00","$97,983.00",,,
13 pro,128,80,blanco,,$410,"$664,200","$173,799.00","$105,718.50",,,
13 pro,128,84,negro,,$415,"$672,300","$175,918.50","$107,007.75",,,
13 pro,128,100,negro,,$460,"$745,200","$194,994.00","$118,611.00",,,
13 pro max,128,100,negro,,$500,"$810,000","$211,950.00","$128,925.00",,,
13 pro max,256,78,negro,,$480,"$777,600","$203,472.00","$123,768.00",,,
13 pro max,256,100,negro,,$510,"$826,200","$216,189.00","$131,503.50",,,
,,,,,,,,,,,
14,128,76,negro,,$360,"$583,200","$152,604.00","$92,826.00",,,
14,128,100,celeste amarillo,,$380,"$615,600","$161,082.00","$97,983.00",,,
14 plus,256,78,blanco,,$380,"$615,600","$161,082.00","$97,983.00",,,
14 PLUS,256,100,BLANCO,,$410,"$664,200","$173,799.00","$105,718.50",,,
14 pro,128,85,lila,,$460,"$745,200","$194,994.00","$118,611.00",min detalle tapa,,
14 pro,128,78,negro lila,,$480,"$777,600","$203,472.00","$123,768.00",,,
14 pro,128,85,lila,,$495,"$801,900","$209,830.50","$127,635.75",,,
14 pro,128,100,negro lila,,$505,"$818,100","$214,069.50","$130,214.25",,,
14 pro,256,73,negro,,$505,"$818,100","$214,069.50","$130,214.25",,,
14 pro,256,76,lila,,$510,"$826,200","$216,189.00","$131,503.50",,,
14 pro,256,100,negro lila,,$540,"$874,800","$228,906.00","$139,239.00",,,
14 pro max,128,84,gold,,$550,"$891,000","$233,145.00","$141,817.50",,,
,,,,,,,,,,,
15,128,87,amarillo,,$470,"$761,400","$199,233.00","$121,189.50",,,
15,128,100,rosa,,$495,"$801,900","$209,830.50","$127,635.75",,,
15 pro,128,78,natural,,$610,"$988,200","$258,579.00","$157,288.50",,,
15 pro,128,87/88,Blanco/Natural/Azul,,$620,"$1,004,400","$262,818.00","$159,867.00",,,
15 pro,128,100,Blanco/Natural/Azul,,$640,"$1,036,800","$271,296.00","$165,024.00",,,
15 pro,256,78,blanco,,$620,"$1,004,400","$262,818.00","$159,867.00",,,
15 pro,256,80,negro,,$630,"$1,020,600","$267,057.00","$162,445.50",,,
15 pro,256,86,Negro,,$640,"$1,036,800","$271,296.00","$165,024.00",,,
15 pro,256,100,Negro,,$665,"$1,077,300","$281,893.50","$171,470.25",,,
15 pro max,256,100,varios,,$740,"$1,198,800","$313,686.00","$190,809.00",,,
,,,,,,,,,,,
16 pro,128,89,blanco natural,,$760,"$1,231,200","$322,164.00","$195,966.00",,,
16 pro,128,91,desert natural,,$770,"$1,247,400","$326,403.00","$198,544.50",,,
16 pro,128,93,blanco,,$775,"$1,255,500","$328,522.50","$199,833.75",,,
16 pro max,256,90,natural,,$915,"$1,482,300","$387,868.50","$235,932.75",,,
16 pro max,256,92 93,blanco desert natural,,$920,"$1,490,400","$389,988.00","$237,222.00",,,
16 pro max,256,94 95,desert black,,$940,"$1,522,800","$398,466.00","$242,379.00",,,
16 pro max,256,100,natural,,$960,"$1,555,200","$406,944.00","$247,536.00",,,
,,,,,,,,,,,
17e,256,100,pink,,$690,"$1,117,800","$292,491.00","$177,916.50",nuevo sin caja,,
17,256,100,todos,,$890,"$1,441,800","$377,271.00","$229,486.50",nuevo sin caja,,
17 pro,256,100,orange,,"$1,160","$1,879,200","$491,724.00","$299,106.00",nuevo sin caja,,
,,,,,,,,,,,
galaxy s22,128,,verde,,$180,"$291,600","$76,302.00","$46,413.00",,,
SERIE 10,46MM,98,black,,$320,"$518,400","$135,648.00","$82,512.00",SEMI NUEVOS,,
ultra 3,49mm,100,black,,$690,"$1,117,800","$292,491.00","$177,916.50",SEMI NUEVOS,,
jostick ps5 usados,,,blancos,,$45,"$72,900","$19,075.50","$11,603.25",,,
,,,,,,,,,,,
IPHONES NUEVOS SELLADOS,,,,,,,,,,,
,,,,,,,,,,,
,,,,,,,,,,,
,,,,,,,,,,,
,,,,,,,,,,,
,,,,,,,,,,,
,,,,,,,,,,,
MODELO,GB,,DOLARES,,PESOS,COLOR,6 CUOTAS ,12 CUOTAS,,,
13,128,,$520,,"$842,400",CONSULTAR,"$220,428.00","$134,082.00",,,
14,128,,$610,,"$988,200",CONSULTAR,"$258,579.00","$157,288.50",,,
15,128,,$700,,"$1,134,000",CONSULTAR,"$296,730.00","$180,495.00",,,
15,256,,$780,,"$1,263,600",CONSULTAR,"$330,642.00","$201,123.00",,,
15,512,,$820,,"$1,328,400",CONSULTAR,"$347,598.00","$211,437.00",,,
15 plus,128,,$770,,"$1,247,400",CONSULTAR,"$326,403.00","$198,544.50",,,
,,,,,,,,,,,
16E,128,,,,$0,CONSULTAR,$0.00,$0.00,,,
16,128,,$800,,"$1,296,000",CONSULTAR,"$339,120.00","$206,280.00",,,
16,256,,,,$0,CONSULTAR,$0.00,$0.00,,,
16 plus,128,,$840,,"$1,360,800",CONSULTAR,"$356,076.00","$216,594.00",,,
16 pro max,256,,"$1,170",,"$1,895,400",CONSULTAR,"$495,963.00",,,,
,,,,,,,,,,,
17,256,,$985,,"$1,595,700",CONSULTAR,"$417,541.50","$253,982.25",,,
17,512,,"$1,050",,"$1,701,000",CONSULTAR,"$445,095.00","$270,742.50",,,
17 air,256,,$990,,"$1,603,800",CONSULTAR,"$419,661.00","$255,271.50",,,
17 e,256,,$750,,"$1,215,000",CONSULTAR,"$317,925.00","$193,387.50",,,
17 pro orange,256,,"$1,190",,"$1,927,800",CONSULTAR,"$504,441.00","$306,841.50",,,
17 pro blue,256,,"$1,230",,"$1,992,600",CONSULTAR,"$521,397.00","$317,155.50",,,
17 pro silver ,256,,"$1,230",,"$1,992,600",CONSULTAR,"$521,397.00","$317,155.50",,,
17 pro,512,,"$1,460",,"$2,365,200",CONSULTAR,"$618,894.00","$376,461.00",,,
17 pro,1tb,,"$1,750",,,,,,,,
17 pro max orange,256,,"$1,310",,"$2,122,200",CONSULTAR,"$555,309.00","$337,783.50",,,
17 pro max blue,256,,"$1,320",,"$2,138,400",CONSULTAR,"$559,548.00","$340,362.00",,,
17 pro max silver ,256,,"$1,330",,"$2,154,600",CONSULTAR,"$563,787.00","$342,940.50",,,
17 pro max ,512,,"$1,570",,"$2,543,400",CONSULTAR,"$665,523.00","$404,824.50",,,
17 pro max,1TB,,"$1,770",,"$2,867,400",CONSULTAR,"$750,303.00","$456,394.50",,,
17 pro max,2TB,,"$2,150",,"$3,483,000",CONSULTAR,"$911,385.00","$554,377.50",,,
,,,,,,,,,,,
MACBOOK,,,,,,,,,,,
,,,,,,,,,,,
,,,,,,,,,,,
,,,,,,,,,,,
,,,,,,,,,,,
,,,,,,,,,,,
,,,,,,,,,,,
MODELO,,,DOLARES,,PESOS,COLOR,6 CUOTAS ,12 CUOTAS,,,
Macbook AIR chip M1 8/256gb caja abierta,,,,,$0,CONSULTAR,$0.00,$0.00,sin cargador,,
,,,,,,CONSULTAR,$0.00,$0.00,,,
Macbook NEO 13' 8/256gb,,,$840,,"$1,360,800",CONSULTAR,"$356,076.00","$216,594.00",,,
Macbook NEO 13' 8/512gb,,,$945,,"$1,530,900",CONSULTAR,"$400,585.50","$243,668.25",,,
,,,,,,,,,,,
Macbook AIR  M2  16/256GB,,,,,$0,CONSULTAR,$0.00,$0.00,,,
MACBOOK AIR M2 8/512GB,,,,,$0,CONSULTAR,$0.00,$0.00,,,
MACBOOK PRO M2 13' 8/512GB,,,,,$0,CONSULTAR,$0.00,$0.00,,,
,,,,,,,,,,,
,,,,,,,,,,,
"MACBOOK AIR 13"" M4 16GB 256GB",,,,,$0,CONSULTAR,$0.00,$0.00,,,
"-MACBOOK AIR 15"" M4 16 GB 256GB",,,,,$0,CONSULTAR,$0.00,$0.00,,,
"-MACBOOK AIR 13"" M4 24 GB 512GB",,,,,$0,CONSULTAR,$0.00,$0.00,,,
,,,,,,,,,,,
"MACBOOK AIR  13,6 M5 16/ 512GB ",,,"$1,350",,"$2,187,000",CONSULTAR,"$572,265.00","$348,097.50",,,
"MACBOOK AIR  13,6 M5 16/ 1TB",,,"$1,600",,"$2,592,000",CONSULTAR,"$678,240.00","$412,560.00",,,
"MACBOOK AIR  13,6 M5 24/ 1TB ",,,,,$0,CONSULTAR,$0.00,$0.00,,,
,,,,,,,,,,,
"MACBOOK AIR  15,3 M5 16/ 512",,,"$1,550",,"$2,511,000",CONSULTAR,"$657,045.00","$399,667.50",,,
"MACBOOK AIR  15,3 M5 16/ 1TB",,,,,$0,CONSULTAR,$0.00,$0.00,,,
"MACBOOK AIR  15,3 M5 24/ 1TB",,,"$2,200",,"$3,564,000",CONSULTAR,"$932,580.00","$567,270.00",,,
,,,,,,,,,,,
,,,,,,,,,,,
,,,,,,,,,,,
"MACBOOK PRO M5 14"" 512GB 10/10 GPU/CPU 16RAM",,,"$2,050",,"$3,321,000",CONSULTAR,"$868,995.00","$528,592.50",,,
"MACBOOK PRO M5 14"" 1TB 10/10 GPU/CPU 16RAM",,,"$2,230",,"$3,612,600",CONSULTAR,"$945,297.00","$575,005.50",,,
"MACBOOK PRO M5 14"" 1TB 10/10 GPU/CPU 24RAM",,,"$2,490",,"$4,033,800",CONSULTAR,"$1,055,511.00","$642,046.50",,,
"MACBOOK PRO M5 14"" 1TB 10/10 GPU/CPU 32RAM",,,"$2,800",,"$4,536,000",CONSULTAR,"$1,186,920.00","$721,980.00",,,
,,,,,,,,,,,
"MACBOOK PRO M5 PRO 14"" 1TB 24RAM",,,"$2,820",,"$4,568,400",CONSULTAR,"$1,195,398.00","$727,137.00",,,
"MACBOOK PRO M5 PRO 14"" 2TB 24RAM",,,"$3,320",,"$5,378,400",CONSULTAR,"$1,407,348.00","$856,062.00",,,
"MACBOOK PRO M5 PRO 14"" 2TB 24RAM 20 core gpu",,,"$3,550",,"$5,751,000",CONSULTAR,"$1,504,845.00","$915,367.50",,,
"MACBOOK PRO M5 PRO 14"" 1TB 48RAM 16 core gpu",,,"$3,720",,"$6,026,400",CONSULTAR,"$1,576,908.00","$959,202.00",,,
"MACBOOK PRO M5 PRO 16"" 1TB 24RAM 20 core gpu",,,"$3,420",,"$5,540,400",CONSULTAR,"$1,449,738.00","$881,847.00",#VALUE!,,
"MACBOOK PRO M5 PRO 16"" 1TB 48RAM 20 core gpu",,,"$4,180",,"$6,771,600",CONSULTAR,"$1,771,902.00","$1,077,813.00",,,
MACBOOK pro m5 max consultar,,,,,,,,,,,
MAGIC MOUSE  U$120,,,,,,,,,,,
"MOUSE bluetooth.    $7,000",,,,,,,,,,,
DEMAS MODELOS CONSULTAR,,,,,,,,,,,
IMAC 24 M4 24/512GB U$2700,,,,,,,,,,,
Mac Mini M4 16 - 256GB (10core CPU / 10core GPU) ,,,,,,,,,,,
Mac Mini M4 16 - 512GB (10core CPU / 10core GPU) ,,,,,,,,,,,
,,,,,,,,,,,
,,,,,,,,,,,
IPAD,,,,,,,,,,,
,,,,,,,,,,,
,,,,,,,,,,,
,,,,,,,,,,,
,,,,,,,,,,,
,,,,,,,,,,,
,,,,,,,,,,,
MODELO,GB,DOLARES,PESOS,6 CUOTAS ,12 CUOTAS,,,,,,
,,,$0,$0.00,$0.00,,,,,,
,,,$0,$0.00,$0.00,,,,,,
Mini A17 pro,128gb,$640,"$1,036,800","$271,296.00","$165,024.00",,,,,,
,256GB,$740,"$1,198,800","$313,686.00","$190,809.00",,,,,,
11th ,128gb,$500,"$810,000","$211,950.00","$128,925.00",,,,,,
,256gb,$630,"$1,020,600","$267,057.00","$162,445.50",,,,,,
NEW AIR 11' M4,128GB,$780,"$1,263,600","$330,642.00","$201,123.00",,,,,,
,256GB,$880,"$1,425,600","$373,032.00","$226,908.00",,,,,,
NEW AIR 13' M4,128,"$1,020","$1,652,400","$432,378.00","$263,007.00",,,,,,
,256,"$1,120","$1,814,400","$474,768.00","$288,792.00",,,,,,
 PRO 11'' M5,256GB,"$1,240","$2,008,800","$525,636.00","$319,734.00",,,,,,
,512GB,"$1,460","$2,365,200","$618,894.00","$376,461.00",,,,,,
"PRO 13"" M5",256GB,"$1,540","$2,494,800","$652,806.00","$397,089.00",,,,,,
,512,"$1,750","$2,835,000","$741,825.00","$451,237.50",,,,,,
demas modelos consultar,,,,,,,,,,,
PENCIL 1,,$125,"$202,500","$52,987.50","$32,231.25",,,,,,
PENCIL USBC,,$125,"$202,500","$52,987.50","$32,231.25",,,,,,
PENCUL PRO,,$150,"$243,000","$63,585.00","$38,677.50",,,,,,
PENCIL RELICA ,,,$0,$0.00,$0.00,,,,,,
TECLADO + MOUSE bluetooth,,,"$24,000.00","$6,280.00","$3,820.00",,,,,,
,,,,,,,,,,,
AIRPODS,,,,,,,,,,,
,,,,,,,,,,,
,,,,,,,,,,,
,,,,,,,,,,,
,,,,,,,,,,,
,,,,,,,,,,,
,,,,,,,,,,,
MODELO,,DOLARES,PESOS,6 CUOTAS ,12 CUOTAS,,,,,,
Airpods pro 3,,$270,"$437,400","$114,453.00","$69,619.50",,,,,,
Airpods 4ta noise cancel,,$200,"$324,000","$84,780.00","$51,570.00",,,,,,
Airpods 4ta,,$145,"$234,900","$61,465.50","$37,388.25",,,,,,
Airpods max AAA,,$19,"$28,000","$7,326.67","$4,456.67",,,,,,
Airpods pro 2 AAA,,$17,"$25,000","$6,541.67","$3,979.17",,,,,,
Airpods 3ERA AAA,,$13,"$19,000","$4,971.67","$3,024.17",,,,,,
airtag PACK X1 GEN 2,,$55,"$89,100","$23,314.50","$14,181.75",,,,,,
airtag PACK X4,,$120,"$194,400","$50,868.00","$30,942.00",,,,,,
airtag PACK X1 AAA,,,"$18,000.00","$4,710.00","$2,865.00",,,,,,
auriculares ultra pods economicos,,$5.0,"$7,000","$1,831.67","$1,114.17",,,,,,
,,,,,,,,,,,
APPLE WATCH,,,,,,,,,,,
,,,,,,,,,,,
,,,,,,,,,,,
,,,,,,,,,,,
,,,,,,,,,,,
,,,,,,,,,,,
,,,,,,,,,,,
MODELO,MM,DOLARES,PESOS,6 CUOTAS ,12 CUOTAS,,,,,,
se2 + cell,40mm,$240,"$388,800","$101,736.00","$61,884.00",,,,,,
se2 ,44mm,,$0,$0.00,$0.00,,,,,,
se3 ,40mm,$305,"$494,100","$129,289.50","$78,644.25",,,,,,
se3,44mm,$345,"$558,900","$146,245.50","$88,958.25",,,,,,
serie 11,42mm,$395,"$639,900","$167,440.50","$101,850.75",,,,,,
serie 11 + CELL,42mm,$670,"$1,085,400","$284,013.00","$172,759.50",,,,,,
serie 11,46mm,$430,"$696,600","$182,277.00","$110,875.50",,,,,,
serie 11 + CELL,46mm,$710,"$1,150,200","$300,969.00","$183,073.50",,,,,,
ultra 2,49mm,,$0,$0.00,$0.00,,,,,,
ultra 3,49mm,$820,"$1,328,400","$347,598.00","$211,437.00",,,,,,
Mallas NIKE,,$20,"$32,400","$8,478.00","$5,157.00",,,,,,
,,,,$0.00,$0.00,,,,,,
,,,,,,,,,,,
relojes ,,,,,,,,,,,
,,,,,,,,,,,
,,,,,,,,,,,
MODELO,,DOLARES,PESOS,6 CUOTAS ,12 CUOTAS,,,,,,
Amazfit Balance 2,,$310,"$502,200","$131,409.00","$79,933.50",,,,,,
Amazfit active 3 premium,,$200,"$324,000","$84,780.00","$51,570.00",,,,,,
Amazfit T rex 3,,,$0,$0.00,$0.00,,,,,,
Garmin Instinct 2X Solar,,$470,"$761,400","$199,233.00","$121,189.50",,,,,,
GARMIN VIVO ACTIVE 6,,,$0,$0.00,$0.00,,,,,,
GARMIN FORERUNNER 165 MUSIC,,$365,"$591,300","$154,723.50","$94,115.25",,,,,,
Samsung Galaxy Watch Ultra 7 47mm LTE,,$375,"$607,500","$158,962.50","$96,693.75",,,,,,
AMAZFIT BIP 6,,,$0,$0.00,$0.00,,,,,,
AMAZFIT gts 4 mini,,$95,"$153,900","$40,270.50","$24,495.75",,,,,,
POCO WATCH,,,$0,$0.00,$0.00,,,,,,
SAMSUNG GALAXY WATCH 7 44MM,,$240,"$388,800","$101,736.00","$61,884.00",,,,,,
SAMSUNG GALAXY WATCH 8 44MM,,$280,"$453,600","$118,692.00","$72,198.00",,,,,,
SAMSUNG GALAXY WATCH 8 40MM,,$250,"$405,000","$105,975.00","$64,462.50",,,,,,
SAMSUNG GALAXY FIT3,,$75,$0,$0.00,$0.00,,,,,,
X VIEW Q5,,,$0,$0.00,$0.00,,,,,,
XIAOMI SPORT BAND,,$55,"$89,100","$23,314.50","$14,181.75",,,,,,
SMART WATCH T800 ULTRA 3,,$9.5,"$15,390.0","$4,027.05","$2,449.58",,,,,,
,,,,,,,,,,,
SAMSUNG,,,,,,,,,,,
,,,,,,,,,,,
,,,,,,,,,,,
,,,,,,,,,,,
,,,,,,,,,,,
,,,,,,,,,,,
,,,,,,,,,,,
MODELO,,GB,PRECIO USD,,PRECIO PESOS,6 CUOTAS ,12 CUOTAS,,,,
S26 ULTRA,,1TB,,,$0,$0.00,$0.00,,,,
S26 ULTRA,,512,"$1,195",,"$1,935,900","$506,560.50","$308,130.75",,,,
S26 ULTRA,,256,"$1,095",,"$1,773,900","$464,170.50","$282,345.75",,,,
s26 plus,,512,"$1,160",,"$1,879,200","$491,724.00","$299,106.00",,,,
s26 plus,,256,"$1,035",,"$1,676,700","$438,736.50","$266,874.75",,,,
s26,,512,$990,,"$1,603,800","$419,661.00","$255,271.50",,,,
S26,,256,$790,,"$1,279,800","$334,881.00","$203,701.50",,,,
S25 ULTRA,,256,$980,,"$1,587,600","$415,422.00","$252,693.00",,,,
S25FE,,512,$670,,"$1,085,400","$284,013.00","$172,759.50",,,,
S25FE,,256,$590,,"$955,800","$250,101.00","$152,131.50",,,,
A57 5G 12 ram,,512,,,$0,$0.00,$0.00,,,,
A57 5G 12 ram,,256,,,$0,$0.00,$0.00,,,,
A57 5G,,256,,,$0,$0.00,$0.00,,,,
A57 5G,,128,$445,,"$720,900","$188,635.50","$114,743.25",,,,
A56,,256,,,$0,$0.00,$0.00,,,,
A37,,256,$425,,"$688,500","$180,157.50","$109,586.25",,,,
A37,,128,$350,,"$567,000","$148,365.00","$90,247.50",,,,
A27,,128,$305,,"$494,100","$129,289.50","$78,644.25",,,,
A26,,256,$320,,"$518,400","$135,648.00","$82,512.00",,,,
A26,,128,$280,,"$453,600","$118,692.00","$72,198.00",,,,
A17,,256,$260,,"$421,200","$110,214.00","$67,041.00",,,,
A17,,128,$192,,"$311,040","$81,388.80","$49,507.20",,,,
A16,,128,$160,,"$259,200","$67,824.00","$41,256.00",,,,
A07,,128,$149,,"$241,380","$63,161.10","$38,419.65",,,,
A07,,64,$129,,"$208,980","$54,683.10","$33,262.65",,,,
,,,,,,,,,,,
AURICULARES BT X VIEW XPODS5,,,$30,,"$48,600","$12,717.00","$7,735.50",,,,
,,,,,,,,,,,
,,,,,,,,,,,
XIAOMI ,,,,,,,,,,,
,,,,,,,,,,,
,,,,,,,,,,,
,,,,,,,,,,,
,,,,,,,,,,,
MODELO,,GB,PRECIO USD,,PRECIO PESOS,6 CUOTAS ,12 CUOTAS,,,,
POCO F8 ULTRA ,,512,$885,,"$1,433,700","$375,151.50","$228,197.25",,,,
POCO F8 PRO ,,512,$660,,"$1,069,200","$279,774.00","$170,181.00",,,,
POCO X8 PRO 8RAMB 5G,,256,$395,,"$639,900","$167,440.50","$101,850.75",,,,
POCO X8 PRO 12RAM  5G,,512,$470,,"$761,400","$199,233.00","$121,189.50",,,,
POCO X8 PRO PRO MAX 12RAM  5G,,256,$540,,"$874,800","$228,906.00","$139,239.00",,,,
POCO X8 PRO PRO MAX 12RAM  5G,,512,$590,,"$955,800","$250,101.00","$152,131.50",,,,
POCO M8 PRO 12RAM,,512,$375,,"$607,500","$158,962.50","$96,693.75",,,,
POCO M8 PRO 8RAM,,256,$320,,"$518,400","$135,648.00","$82,512.00",,,,
POCO M8 8RAM,,512,$290,,"$469,800","$122,931.00","$74,776.50",,,,
POCO M8  8RAM,,256,,,$0,$0.00,$0.00,,,,
17 ULTRA ,,512,"$1,340",,,,,,,,
17,,512,,,$0,$0.00,$0.00,,,,
17T,,512,$665,,"$1,077,300","$281,893.50","$171,470.25",,,,
REDMI NOTE 15 PRO + 5G 12RAM,,512,$490,,"$793,800","$207,711.00","$126,346.50",,,,
REDMI NOTE 15 PRO + 5G 8RAM,,256,$430,,"$696,600","$182,277.00","$110,875.50",,,,
REDMI NOTE 15 PRO 8RAM 5G,,512,$375,,"$607,500","$158,962.50","$96,693.75",,,,
REDMI NOTE 15 PRO 12RAM 4G,,512,$373,,"$604,260","$158,114.70","$96,178.05",,,,
REDMI NOTE 15 PRO 8RAM 5G,,256,$360,,"$583,200","$152,604.00","$92,826.00",,,,
REDMI NOTE 15 PRO 8RAM 4G,,256,$299,,"$484,380","$126,746.10","$77,097.15",,,,
REDMI NOTE 15 8RAM 5G,,256,$285,,"$461,700","$120,811.50","$73,487.25",,,,
REDMI NOTE 15 8RAM,,256,$250,,"$405,000","$105,975.00","$64,462.50",,,,
REDMI NOTE 15 6RAM ,,128,$220,,"$356,400","$93,258.00","$56,727.00",,,,
REDMI 15 8RAM,,256,,,$0,$0.00,$0.00,,,,
REDMI 15 6RAM,,128,$180,,"$291,600","$76,302.00","$46,413.00",,,,
REDMI 15C 8RAM,,256,$180,,"$291,600","$76,302.00","$46,413.00",,,,
REDMI 15C 4RAM,,256,$158,,"$255,960","$66,976.20","$40,740.30",,,,
REDMI 15C 4RAM,,128,$148,,"$239,760","$62,737.20","$38,161.80",,,,
,,,,,,,,,,,
MOTOROLA(DEMAS MODELOS CONSULTAR),,,,,,,,,,,
,,,,,,,,,,,
,,,,,,,,,,,
,,,,,,,,,,,
MODELO,,GB,PRECIO USD,,PRECIO PESOS,6 CUOTAS ,12 CUOTAS,,,,
MOTO EDGE PRO 12RAM,,512,$495,,"$801,900","$209,830.50","$127,635.75",,,,
MOTO EDGE 60 12RAM,,512,$390,,"$631,800","$165,321.00","$100,561.50",,,,
MOTO EDGE 60 FUSION 8RAM,,256,$325,,"$526,500","$137,767.50","$83,801.25",,,,
MOTO EDGE 70 FUSION 8RAM,,256,$475,,"$769,500","$201,352.50","$122,478.75",,,,
MOTO G86 power 8RAM,,256,$325,,"$526,500","$137,767.50","$83,801.25",,,,
MOTO G86  8RAM,,512,$305,,"$494,100","$129,289.50","$78,644.25",,,,
MOTO G77  8RAM,,256,$315,,"$510,300","$133,528.50","$81,222.75",,,,
MOTO G57 POWER 12RAM,,256,$299,,"$484,380","$126,746.10","$77,097.15",,,,
MOTO G67 4RAM,,256,$280,,"$453,600","$118,692.00","$72,198.00",,,,
MOTO G56,,256,$265,,"$429,300","$112,333.50","$68,330.25",,,,
MOTO G35,,256,$220,,"$356,400","$93,258.00","$56,727.00",,,,
MOTO G17 POWER 8RAM,,256,,,$0,$0.00,$0.00,,,,
MOTO G17 4 RAM,,256,$210,,"$340,200","$89,019.00","$54,148.50",,,,
MOTO G15 4 RAM,,512,$187,,"$302,940","$79,269.30","$48,217.95",,,,
MOTO G15 4 RAM,,256,$172,,"$278,640","$72,910.80","$44,350.20",,,,
MOTO G15 4 RAM,,128,$155,,"$251,100","$65,704.50","$39,966.75",,,,
MOTO G06 4RAM,,256,$150,,"$243,000","$63,585.00","$38,677.50",,,,
MOTO G06 4RAM,,128,$135,,"$218,700","$57,226.50","$34,809.75",,,,
,,,,,,,,,,,
,,,,,,,,,,,
NOTEBOOKS,,,,,,,,,,,
,,,,,,,,,,,
,,,,,,,,,,,
,,,,,,,,,,,
,,,,,,,,,,,
MODELO,,,,PRECIO USD,PRECIO PESOS,6 CUOTAS ,12 CUOTAS,,,,
"Notebook Dell 15,6"" (Core I5-1334u | 8Gb Ram | 512Gb Ssd | Pantalla Tactil | Windows 11) (15250-531BLK)",,,,$750,"$1,215,000","$317,925.00","$193,387.50",,,,
"Notebook Hp 15,6"" (Amd Ryzen 5-7520u | 8Gb Ram | 512Gb Ssd | Pantalla Tactil | Windows 11) (15-FC0146DX)",,,,$650,"$1,053,000","$275,535.00","$167,602.50",,,,
"Notebook Lenovo 15.6"" (Amd Ryzen 7-7730u | 8Gb Ram | 256Gb Ssd | Windows 11) (83CR001WUS)",,,,$660,"$1,069,200","$279,774.00","$170,181.00",,,,
" Notebook Lenovo 14"" (Intel Core I7-13620h | 8Gb Ram | 256Gb Ssd | Windows 11)",,,,$795,"$1,287,900","$337,000.50","$204,990.75",,,,
"Notebook Lenovo Ideapad 1 15.6"" (Amd Ryzen 5-7520u | 8Gb Ram | 256Gb Ssd | Windows 11)  (15AMN7) ",,,,$575,"$931,500","$243,742.50","$148,263.75",,,,
" Notebook Asus Vivobook Go 15.6"" (Intel N150 | 8Gb Ram | 128Gb UFS | Windows 11) (E1504TA-BQ027W)",,,,$395,"$639,900","$167,440.50","$101,850.75",,,,
,,,,,$0,$0.00,$0.00,,,,
,,,,,$0,$0.00,$0.00,,,,
,,,,,$0,$0.00,$0.00,,,,
,,,,,,,,,,,
CONSOLAS,,,,,,,,,,,
,,,,,,,,,,,
,,,,,,,,,,,
,,,,,,,,,,,
,,,,,,,,,,,
MODELO,,,PRECIO USD,,PRECIO PESOS,6 CUOTAS ,12 CUOTAS,,,,
"PS5 PRO DIGITAL 2TB 1 JOYSTICK                    
                                ",,,"$1,180.00",,"$1,911,600.00","$500,202.00","$304,263.00",,,,
PS5 VR2  LENTES REALIDAD VIRTUAL,,,$560.00,,"$907,200.00","$237,384.00","$144,396.00",,,,
PS5 digital 825GB 1 JOYSTICK,,,$700.00,,"$1,134,000.00","$296,730.00","$180,495.00",,,,
PS5 LECTORA 1TB 1 JOYSTICK,,,$760.00,,"$1,231,200.00","$322,164.00","$195,966.00",,,,
PS5 PORTAL,,,,,$0.00,$0.00,$0.00,,,,
Nintendo Switch 2 256 GB LCD  con mario kart,,,$680.00,,"$1,101,600.00","$288,252.00","$175,338.00",,,,
Nintendo Switch 2 256 GB LCD ,,,,,$0.00,$0.00,$0.00,,,,
"NINTENDO SWITCH OLED 64GB                         
                                ",,,$455.00,,"$737,100.00","$192,874.50","$117,321.75",,,,
NINTENDO SWITCH LITE ,,,$280.00,,"$453,600.00","$118,692.00","$72,198.00",,,,
"JOYSTICK ADICIONAL
                ",,,$95.00,,"$153,900.00","$40,270.50","$24,495.75",,,,
volante ps5 logitech,,,$350.00,,"$567,000.00","$148,365.00","$90,247.50",,,,
JOYSTICK PS4 AAA,,,$15.00,,"$24,300.00","$6,358.50","$3,867.75",,,,
,,,,,,,,,,,
JBL,,,,,,,,,,,
,,,,,,,,,,,
,,,,,,,,,,,
,,,,,,,,,,,
,,,,,,,,,,,
MODELO,,,PRECIO USD,,PRECIO PESOS,6 CUOTAS ,12 CUOTAS,,,,
,,,,,,,,,,,
Partybox 710,,,$800.00,,"$1,296,000.00","$339,120.00","$206,280.00",,,,
Partybox 310,,,,,$0.00,$0.00,$0.00,,,,
Bomboox 4,,,$520.00,,"$842,400.00","$220,428.00","$134,082.00",,,,
Bomboox 3,,,,,$0.00,$0.00,$0.00,,,,
Extreme 4,,,,,$0.00,$0.00,$0.00,,,,
Charge 6,,,$170.00,,"$275,400.00","$72,063.00","$43,834.50",,,,
JBL FLIP 7,,,$120.00,,"$194,400.00","$50,868.00","$30,942.00",,,,
JBL GO 4,,,$55.00,,"$89,100.00","$23,314.50","$14,181.75",,,,
AURICULARES TUNE 520BT,,,$45.00,,"$72,900.00","$19,075.50","$11,603.25",,,,
AURICULARES TUNE 770NC,,,$85.00,,"$137,700.00","$36,031.50","$21,917.25",,,,
AURICULARES BT JBL ENDURANCE RUN 3 ,,,$40.00,,"$64,800.00","$16,956.00","$10,314.00",,,,
AURICULARES JBL TUNE 310 T310 USBC,,,$22.00,,"$35,640.00","$9,325.80","$5,672.70",,,,
PULSE AAA,,,,,"$29,000.00","$7,588.33","$4,615.83",,,,
GO4 AAA,,,,,"$15,000.00","$3,925.00","$2,387.50",,,,
FLIP 6 AAA,,,,,"$33,000.00","$8,635.00","$5,252.50",,,,
CHARGE 4 AAA,,,,,"$23,000.00","$6,018.33","$3,660.83",,,,
,,,,,,,,,,,
ACCESORIOS,,,,,,,,,,,
,,,,,,,,,,,
,,,,,,,,,,,
,,,,,,,,,,,
,,,,,,,,,,,
ACCESORIO,,,PRECIO USD,,PRECIO PESOS,6 CUOTAS ,12 CUOTAS,,,,
Cable USB IPHONE,,,$3,,"$4,900","$1,282.17",$779.92,,,,
Cargadores magsaffe IPHONE CERTIFICADO,,,,,$0,$0.00,$0.00,,,,
Cargadores magsaffe IPHONE ORIGINAL,,,,,$0,$0.00,$0.00,,,,
battery pack,,,,,"$27,000","$7,065.00","$4,297.50",,,,
Cargadores 20w certificados  IPHONE,,,$15,,"$24,300","$6,358.50","$3,867.75",,,,
Cargadores 20w originales IPHONE,,,$30,,"$48,600","$12,717.00","$7,735.50",,,,
Cargadores 20w originales IPHONE llevando el celular,,,$25,,"$40,500","$10,597.50","$6,446.25",,,,
cargadores 25W ORIGINALES SAMSUNG,,,$25,,"$40,500","$10,597.50","$6,446.25",,,,
WALLET MAGSAFE,,,$25,,"$40,500","$10,597.50","$6,446.25",,,,
cargador inalámbrico 3 en 1,,,,,"$30,000","$7,850.00","$4,775.00",,,,
,,,,,,,,,,,
TERMO,,,,,,,,,,,
,,,,,,,,,,,
,,,,,,,,,,,
,,,,,,,,,,,
,,,,,,,,,,,
ACCESORIO,,,PRECIO USD,,PRECIO PESOS,6 CUOTAS ,12 CUOTAS,,,,
STANLEY CLASSIC,,,,,$0,$0,$0,,,,
,,,,,,,,,,,
CAMARA,,,,,,,,,,,
,,,,,,,,,,,
,,,,,,,,,,,
,,,,,,,,,,,
,,,,,,,,,,,
ACCESORIO,,,PRECIO USD,,PRECIO PESOS,6 CUOTAS ,12 CUOTAS,,,,
GO PRO HERO 13,,,$440,,"$712,800","$186,516","$113,454",,,,
,,,,,,,,,,,
TABLET,,,,,,,,,,,
,,,,,,,,,,,
,,,,,,,,,,,
,,,,,,,,,,,
,,,,,,,,,,,
MODELO,,,PRECIO USD,,PRECIO PESOS,6 CUOTAS ,12 CUOTAS,,,,
LENOVO IDEA TAB PRO 12.7 8/256GB TECLADO/PEN,,,$610,,"$988,200","$258,579","$157,289",,,,
LENOVO IDEA TAB 11 4/128GB CON PEN Y FUNDA,,,,,,0,0,,,,
"Tablet Xiaomi pad 7 11.2"" 12/256GB WIFI ",,,,,$0,$0,$0,,,,
"Tablet Xiaomi Redmi Pad Pro 2 12.1"" 8/256 GB Wifi",,,$410,,"$664,200","$173,799","$105,719",,,,
"Tablet Xiaomi Redmi Pad Pro 2  12.1"" 6/128 GB Wifi",,,$325,,"$526,500","$137,768","$83,801",,,,
"Tablet Xiaomi Redmi Pad 2 SE 11"" 8/256 GB Wifi",,,$280,,"$453,600","$118,692","$72,198",,,,
"Tablet Xiaomi Redmi Pad 2 SE 11"" 4/128 GB Wifi",,,$220,,"$356,400","$93,258","$56,727",,,,
"tablet xioami pad SE 8.7"" 4/64 GB LTE",,,,,$0,$0,$0,,,,
SAMSUNG TAB S11 ULTRA 14.6 12/256GB + PEN,,,"$1,150",,"$1,863,000","$487,485","$296,528",,,,
SAMSUNG TAB S11 14.6 12/128GB + PEN,,,$810,,"$1,312,200","$343,359","$208,859",,,,
SAMSUNG TAB S10 FE 12/256GB +PEN 5G,,,$590,,"$955,800","$250,101","$152,132",,,,
SAMSUNG TAB S10 FE 12/128GB +PEN 5G,,,$470,,"$761,400","$199,233","$121,190",,,,
SAMSUNG TAB S10 LITE 6/128GB + PEN,,,$370,,"$599,400","$156,843","$95,405",,,,
SAMSUNG TAB A11+ 8/256GB ,,,$350,,"$567,000","$148,365","$90,248",,,,
"Samsung Tab A11+ 11"" 6/128GB",,,$290,,"$469,800","$122,931","$74,777",,,,
"Samsung Tab A11 8.7"" 4/64gb ",,,$210,,"$340,200","$89,019","$54,149",,,,
"Samsung Tab A9+  11"" 4/64gb ",,,$210,,"$340,200","$89,019","$54,149",,,,
,,,,,,,,,,,
monopatines y aspiradoras xioami,,,,,,,,,,,
,,,,,,,,,,,
,,,,,,,,,,,
modelo,,,usd,,pesos,6 CUOTAS ,12 CUOTAS,,,,
MONOPATIN XIOAMI 6 PRO,,,$650,,"$1,053,000","$275,535.00","$167,602.50",,,,
MONOPATIN XIOAMI 6 LITE,,,$470,,"$761,400","$199,233.00","$121,189.50",,,,
MONOPATIN XIOAMI 4GO,,,$380,,"$615,600","$161,082.00","$97,983.00",,,,
freidora ingresando ,,,,,$0,$0.00,$0.00,,,,
XIAOMI robot aspirador s40c,,,$200,,"$324,000","$84,780.00","$51,570.00",,,,
,,,,,,,,,,,
STARLINK MINI ingresando ,,,,,,,,,,,
,,,,,,,,,,,
,,,,,,,,,,,
AMAZON KINDLE SIGNATURE EDITION 12TH GEN 32GB $265,,,,,,,,,,,
,,,,,,,,,,,
RAYBAN META GEN 1 U$399,,,,,,,,,,,
,,,,,,,,,,,
,,,,,,,,,,,
RAYBAN META GEN 2 U$480,,,,,,,,,,,
,,,,,,,,,,,
RAYBAN META GEN 2 TRANSITIONS U$520,,,,,,,,,,,
,,,,,,,,,,,
,,,,,,,,,,,
TELEVISOR SMARTIFY 32' SMART TV HD U$145,,,,,,,,,,,
,,,,,,,,,,,
,,,,,,,,,,,
"BICICLETAS RIENMAX RODADO 29 CON FRENOS A DISCO Y CAMBIOS $219,000 - PEDIR FOTOS ",,,,,,,,,,,
,,,,,,,,,,,
"BICICLETAS ALPINE RODADO 29 CON FRENOS A DISCO Y CAMBIOS SHIMANO  $255,000 - PEDIR FOTOS ",,,,,,,,,,,
,,,,,,,,,,,
,,,,,,,,,,,
"MOCHILAS IMPERMEABLES $18,000 - PEDIR FOTOS",,,,,,,,,,,
,,,,,,,,,,,
,,,,,,,,,,,
"HIDROLAVADORAS PORTATILES CON 2 BATERIAS $43,000 - PEDIR FOTOS ",,,,,,,,,,,
,,,,,,,,,,,
,,,,,,,,,,,
"CASCOS PRO TORK SEMI ABIERTOS $79,999 - PEDIR FOTOS",,,,,,,,,,,